track_name,artist,danceability,energy,valence,tempo
"Jaanam (From ""Bad Newz"")",Vishal Mishra,0.76,0.391,0.433,97.945
Suniyan Suniyan,"Juss, MixSingh",0.83,0.626,0.794,130.004
"Sajni (From ""Laapataa Ladies"")","Ram Sampath, Arijit Singh, Prashant Pandey",0.428,0.413,0.355,79.646
Dil Tu Jaan Tu,"Gurnazar, Chet Singh",0.822,0.449,0.382,90.023
"Dekhha Tenu (From ""Mr. And Mrs. Mahi"")","Mohammad Faiz, Jaani",0.417,0.439,0.506,83.982
Zaroor,"Aparshakti Khurana, Savi Kahlon",0.809,0.228,0.912,145.024
Jo Tum Mere Ho,Anuv Jain,0.46,0.302,0.176,123.871
"Tum Se (From ""Teri Baaton Mein Aisa Uljha Jiya"")","Sachin-Jigar, Raghav Chaitanya, Varun Jain, Indraneel",0.612,0.595,0.435,99.991
"Satranga (From ""ANIMAL"")","Arijit Singh, Shreyas Puranik, Siddharth - Garima",0.273,0.405,0.534,89.48
"Tainu Khabar Nahi - From ""Munjya""","Sachin-Jigar, Arijit Singh",0.588,0.595,0.594,90.013
Assi Sajna,"Jasleen Royal, Intense, Aditya Sharma",0.671,0.55,0.275,122.948
Apna Bana Le,"Sachin-Jigar, Arijit Singh, Amitabh Bhattacharya",0.586,0.562,0.436,93.982
Dost Banke,"Gurnazar, Rahat Fateh Ali Khan, Kartik Dev",0.728,0.681,0.678,107.885
Pehle Bhi Main,"Vishal Mishra, Raj Shekhar",0.413,0.406,0.281,76.944
O Maahi,"Pritam, Arijit Singh, Irshad Kamil",0.616,0.669,0.475,116.973
"Naina (From ""Crew"")","Diljit Dosanjh, Badshah, Raj Ranjodh",0.84,0.715,0.542,96.98
Husn,Anuv Jain,0.527,0.376,0.24,151.928
"Dil Se Dil Tak (From ""Bawaal"")","Akashdeep Sengupta, Laqshay Kapoor, Kausar Munir, Suvarna Tiwari",0.382,0.5,0.232,111.927
"Agar Ho Tum (From ""Mr. And Mrs. Mahi"")","Tanishk Bagchi, Kausar Munir, Jubin Nautiyal",0.697,0.499,0.593,151.828
"Akhiyaan Gulaab (From ""Teri Baaton Mein Aisa Uljha Jiya"")",Mitraz,0.763,0.587,0.794,106.977
Apa Fer Milaange,"Savi Kahlon, The Masterz",0.776,0.581,0.482,139.976
Sang Rahiyo,Jasleen Royal,0.634,0.529,0.409,94.014
"Chaleya (From ""Jawan"")","Anirudh Ravichander, Arijit Singh, Shilpa Rao, Kumaar",0.575,0.845,0.439,95.047
Heeriye (feat. Arijit Singh),"Jasleen Royal, Arijit Singh, Dulquer Salmaan",0.728,0.494,0.558,105.007
"Tum Kya Mile (From ""Rocky Aur Rani Kii Prem Kahaani"")","Pritam, Arijit Singh, Shreya Ghoshal, Amitabh Bhattacharya",0.271,0.726,0.532,87.425
Mahiye Jinna Sohna,Darshan Raval,0.567,0.54,0.331,92.027
Maan Meri Jaan,King,0.698,0.505,0.396,95.868
"Phir Aur Kya Chahiye (From ""Zara Hatke Zara Bachke"")","Sachin-Jigar, Arijit Singh, Amitabh Bhattacharya",0.556,0.552,0.531,100.051
One Love,Shubh,0.848,0.512,0.881,144.926
"Naseeb Se (From ""Satyaprem Ki Katha"")","Payal Dev, Vishal Mishra, A.M. Turaz",0.557,0.599,0.392,149.785
Ranjha - Sid X Kiara Version,"Jasleen Royal, Prerna Arora, Ashwani Basoya",0.306,0.452,0.244,165.617
Kahani Suno 2.0,Kaifi Khalil,0.577,0.379,0.26,139.585
Tujhe Kitna Chahne Lage,Arijit Singh,0.395,0.397,0.303,70.568
Zihaal e Miskin,"Javed-Mohsin, Vishal Mishra, Shreya Ghoshal",0.569,0.642,0.408,128.891
Raataan Lambiyan,"Tanishk Bagchi, Jubin Nautiyal, Asees Kaur",0.721,0.628,0.514,81.008
Tere Pyaar Mein,"Pritam, Arijit Singh, Amitabh Bhattacharya, Nikhita Gandhi",0.68,0.753,0.413,118.965
Tu Mile Dil Khile,"Stebin Ben, Asees Kaur",0.712,0.659,0.322,93.961
"Shayad (From ""Love Aaj Kal"")","Pritam, Arijit Singh",0.487,0.456,0.348,136.088
Manjha,Vishal Mishra,0.524,0.515,0.368,169.882
Nain Ta Heere,"Guru Randhawa, Asees Kaur",0.69,0.575,0.509,87.967
"Galliyan Returns (From ""Ek Villain Returns"")","Ankit Tiwari, Manoj Muntashir",0.43,0.612,0.241,85.959
Ranjha,"Jasleen Royal, B Praak, Romy, Anvita Dutt",0.611,0.566,0.312,82.984
"Mere Yaaraa (From ""Sooryavanshi"")","Arijit Singh, Neeti Mohan, Rashmi Virag",0.324,0.539,0.486,120.526
Humdard,Arijit Singh,0.572,0.541,0.266,87.01
"Srivalli (From ""Pushpa The Rise Part - 01"")","Javed Ali, Devi Sri Prasad",0.787,0.603,0.743,106.984
"Rait Zara Si (From ""Atrangi Re"")","A.R. Rahman, Arijit Singh, Shashaa Tirupati",0.563,0.495,0.244,125.998
"Tu Hi Yaar Mera (From ""Pati Patni Aur Woh"")","Rochak Kohli, Arijit Singh, Neha Kakkar",0.718,0.382,0.499,87.029
Ek Tarfa,Darshan Raval,0.48,0.615,0.33,79.948
Mehrama,"Pritam, Darshan Raval, Antara Mitra",0.56,0.631,0.376,107.987
"Mann Bharryaa 2.0 (From ""Shershaah"")","B Praak, Jaani",0.428,0.467,0.193,90.831
Tera Ban Jaunga,"Akhil Sachdeva, Tulsi Kumar",0.605,0.53,0.397,93.95
Taaron Ke Shehar,"Neha Kakkar, Jubin Nautiyal, Jaani",0.441,0.61,0.348,79.736
Saibo,"Sachin-Jigar, Shreya Ghoshal, Tochi Raina",0.619,0.429,0.545,90.058
Surili Akhiyon Wale,"Rahat Fateh Ali Khan, Suzanne D'Mello",0.517,0.561,0.448,75.977
Khairiyat,"Pritam, Arijit Singh",0.534,0.481,0.293,124.914
Manwa Laage,"Shreya Ghoshal, Arijit Singh",0.676,0.671,0.572,81.046
Pal,"Javed-Mohsin, Arijit Singh, Shreya Ghoshal, Kunaal Vermaa, Prashant Ingole",0.524,0.498,0.325,134.022
"Aabaad Barbaad (From ""Ludo"")","Pritam, Arijit Singh",0.626,0.522,0.628,118.001
Dil Diyan Gallan,"Vishal-Shekhar, Atif Aslam, Irshad Kamil",0.716,0.64,0.485,105.012
Ae Dil Hai Mushkil Title Track,"Pritam, Arijit Singh",0.495,0.654,0.35,123.896
Humsafar,"Akhil Sachdeva, Mansheel Gujral",0.319,0.552,0.221,93.991
Maana Ke Hum Yaar Nahin,"Sachin-Jigar, Parineeti Chopra, Kausar Munir",0.537,0.367,0.348,90.953
Paniyon Sa,"Atif Aslam, Tulsi Kumar",0.523,0.768,0.669,75.03
Ik Vaari Aa,"Pritam, Arijit Singh",0.512,0.752,0.428,127.965
Chale Aana,Armaan Malik,0.368,0.587,0.391,143.687
"Bekhayali (From ""Kabir Singh"")","Sachet Tandon, Sachet-Parampara",0.308,0.585,0.345,171.843
Mere Sohneya,"Sachet Tandon, Parampara Tandon",0.376,0.643,0.646,136.228
Tere Bin,"Rahat Fateh Ali Khan, Asees Kaur, Tanishk Bagchi",0.649,0.716,0.639,86.949
Ajj Din Chadheya,"Rahat Fateh Ali Khan, Pritam",0.53,0.701,0.818,171.856
Khuda Jaane,"Vishal-Shekhar, KK, Shilpa Rao, Anvita Dutt Guptan",0.404,0.634,0.702,78.508
O Saathi,"Atif Aslam, Arko",0.481,0.496,0.453,89.839
Main Rahoon Ya Na Rahoon,"Amaal Mallik, Armaan Malik, Rashmi Virag",0.55,0.488,0.301,136.025
Kaun Tujhe,Palak Muchhal,0.531,0.431,0.19,107.99
Bol Do Na Zara,"Armaan Malik, Amaal Mallik, Rashmi Virag",0.545,0.473,0.195,130.0
Zehnaseeb,"Vishal-Shekhar, Chinmayi, Shekhar Ravjiani",0.623,0.595,0.418,78.029
"Tum Se (From ""Teri Baaton Mein Aisa Uljha Jiya"")","Sachin-Jigar, Raghav Chaitanya, Varun Jain, Indraneel",0.612,0.595,0.435,99.991
"Sajni (From ""Laapataa Ladies"")","Ram Sampath, Arijit Singh, Prashant Pandey",0.428,0.413,0.355,79.646
"Tum Kya Mile (From ""Rocky Aur Rani Kii Prem Kahaani"")","Pritam, Arijit Singh, Shreya Ghoshal, Amitabh Bhattacharya",0.271,0.726,0.532,87.425
"Tauba Tauba (From ""Bad Newz"")",Karan Aujla,0.676,0.745,0.842,95.102
Aaj Ki Raat,"Sachin-Jigar, Madhubanti Bagchi, Divya Kumar, Amitabh Bhattacharya",0.716,0.866,0.652,116.025
Teri Baaton Mein Aisa Uljha Jiya Title Song,"Raghav, Tanishk Bagchi, Asees Kaur, Nina Mathur",0.814,0.819,0.661,96.979
"Naina (From ""Crew"")","Diljit Dosanjh, Badshah, Raj Ranjodh",0.84,0.715,0.542,96.98
Jaanam,Vishal Mishra,0.76,0.391,0.433,97.945
"Dekhha Tenu (From ""Mr. And Mrs. Mahi"")","Mohammad Faiz, Jaani",0.417,0.439,0.506,83.982
Apna Bana Le,"Sachin-Jigar, Arijit Singh, Amitabh Bhattacharya",0.586,0.562,0.436,93.982
Pehle Bhi Main,"Vishal Mishra, Raj Shekhar",0.413,0.406,0.281,76.944
"Tu Hain Toh (From ""Mr. And Mrs. Mahi"")","Bunny, Hunny, Sagar",0.635,0.273,0.462,100.956
O Maahi,"Pritam, Arijit Singh, Irshad Kamil",0.616,0.669,0.475,116.973
Maiyya Mainu,Sachet Tandon,0.63,0.739,0.224,109.985
O'Meri Laila,"Atif Aslam, Jyotica Tangri",0.575,0.81,0.751,160.098
Akhiyaan Gulaab,Mitraz,0.763,0.587,0.794,106.977
"What Jhumka ? (From ""Rocky Aur Rani Kii Prem Kahaani"")","Pritam, Arijit Singh, Jonita Gandhi, Ranveer Singh, Amitabh Bhattacharya, Madan Mohan",0.821,0.823,0.479,107.953
"Angaaron (From ""Pushpa 2 The Rule"") [HINDI]","Shreya Ghoshal, Devi Sri Prasad, Raqueeb Alam",0.745,0.675,0.827,94.864
Sooraj Dooba Hain,"Arijit Singh, Aditi Singh Sharma",0.616,0.75,0.434,128.051
Rangisari,"Kanishk Seth, Kavita Seth",0.524,0.758,0.319,140.012
Tareefan,"QARAN, Badshah",0.829,0.655,0.335,98.012
"Ghungroo (From ""War"")","Vishal-Shekhar, Arijit Singh, Shilpa Rao, Kumaar",0.695,0.727,0.864,118.034
Kala Chashma,"Prem & Hardeep, Amar Arshi, Badshah, Neha Kakkar, Indeep Bakshi, Amrik Singh",0.801,0.856,0.919,106.029
Bulleya,"Pritam, Amit Mishra, Shilpa Rao",0.552,0.769,0.702,86.957
"Deva Deva (From ""Brahmastra"")","Pritam, Arijit Singh, Amitabh Bhattacharya, Jonita Gandhi",0.534,0.721,0.439,112.062
Dil Diyan Gallan,"Vishal-Shekhar, Atif Aslam, Irshad Kamil",0.716,0.64,0.485,105.012
Khairiyat (Bonus Track),"Pritam, Arijit Singh",0.605,0.655,0.597,124.974
"Satranga (From ""ANIMAL"")","Arijit Singh, Shreyas Puranik, Siddharth - Garima",0.273,0.405,0.534,89.48
Tera Ban Jaunga,"Akhil Sachdeva, Tulsi Kumar",0.605,0.53,0.397,93.95
"Duniyaa (From ""Luka Chuppi"")","Akhil, Dhvani Bhanushali, Kunaal Vermaa, Abhijit Vaghani",0.435,0.658,0.524,77.17
"Rait Zara Si (From ""Atrangi Re"")","A.R. Rahman, Arijit Singh, Shashaa Tirupati",0.563,0.495,0.244,125.998
Bolna,"Tanishk Bagchi, Arijit Singh, Asees Kaur",0.488,0.403,0.495,131.496
Raataan Lambiyan,"Tanishk Bagchi, Jubin Nautiyal, Asees Kaur",0.721,0.628,0.514,81.008
"Kesariya (From ""Brahmastra"")","Pritam, Arijit Singh, Amitabh Bhattacharya",0.577,0.574,0.436,94.009
Humdard,Arijit Singh,0.572,0.541,0.266,87.01
Shayad,"Pritam, Arijit Singh",0.483,0.468,0.319,135.875
"Tere Vaaste (From ""Zara Hatke Zara Bachke"")","Varun Jain, Sachin-Jigar, Shadab Faridi, Altamash Faridi, Amitabh Bhattacharya",0.762,0.717,0.958,109.996
Dil Jhoom,"Mithoon, Arijit Singh, Sayeed Quadri",0.579,0.473,0.587,126.958
"Tip Tip (From ""Sooryavanshi"")","Tanishk Bagchi, Udit Narayan, Alka Yagnik",0.709,0.929,0.477,103.01
Suit Suit,"Guru Randhawa, Arjun",0.767,0.869,0.751,98.208
"Pyaar Hota Kayi Baar Hai (From ""Tu Jhoothi Main Makkaar"")","Pritam, Arijit Singh, Amitabh Bhattacharya, Charan",0.772,0.767,0.866,122.024
Tu Meri,Vishal Dadlani,0.679,0.687,0.424,127.961
"Bhool Bhulaiyaa 2 Title Track (From ""Bhool Bhulaiyaa 2"")","Pritam, Tanishk Bagchi, Neeraj Shridhar",0.857,0.893,0.845,108.022
Tere Pyaar Mein,"Pritam, Arijit Singh, Amitabh Bhattacharya, Nikhita Gandhi",0.68,0.753,0.413,118.965
"Besharam Rang (From ""Pathaan"")","Vishal-Shekhar, Shilpa Rao, Caralisa Monteiro, Vishal Dadlani, Shekhar Ravjiani, Kumaar",0.773,0.795,0.649,115.997
Chaleya,"Anirudh Ravichander, Arijit Singh, Shilpa Rao, Kumaar",0.575,0.845,0.439,95.047
"Phir Aur Kya Chahiye (From ""Zara Hatke Zara Bachke"")","Sachin-Jigar, Arijit Singh, Amitabh Bhattacharya",0.556,0.552,0.531,100.051
Kalank - Duet,"Arijit Singh, Shilpa Rao, Pritam",0.58,0.555,0.491,117.973
Phir Bhi Tumko Chaahunga,"Mithoon, Arijit Singh, Shashaa Tirupati",0.528,0.524,0.269,99.636
Illegal Weapon 2.0,"Jasmine Sandlas, Garry Sandhu",0.805,0.919,0.494,94.993
Mausam Ka Jaadu,"Lata Mangeshkar, S. P. Balasubrahmanyam",0.646,0.448,0.856,88.639
Jhanjharia - Male Version,Abhijeet,0.73,0.878,0.762,117.715
O O Jaane Jaana,Kamaal Khan,0.781,0.766,0.798,106.193
Taal Se Taal - Western Version,Sukhwinder Singh,0.771,0.72,0.492,94.968
Humko Sirf Tumse,"Kumar Sanu, Alka Yagnik",0.588,0.586,0.739,108.858
Husn Hai Suhana,"Chandana Dixit, Abhijeet",0.741,0.884,0.772,126.989
Jaadu Teri Nazar,Udit Narayan,0.604,0.689,0.673,87.838
Ae Kash Ke Hum,"Jatin-Lalit, Kumar Sanu",0.364,0.687,0.663,161.008
Mujhe Neend Na Aaye,"Anuradha Paudwal, Udit Narayan",0.489,0.669,0.713,149.928
Chunnari Chunnari,"Abhijeet, Anuradha Sriram",0.756,0.716,0.757,119.935
Dil To Pagal Hai,"Uttam Singh, Lata Mangeshkar, Udit Narayan, Anand Bakshi",0.752,0.67,0.748,110.696
Yeh Haseen Vadiyan Yeh Khula Aasman,"A.R. Rahman, S. P. Balasubrahmanyam, K. S. Chithra",0.64,0.295,0.107,121.903
Chand Chhupa Badal Mein,"Udit Narayan, Alka Yagnik",0.402,0.61,0.463,86.248
Chaiyya Chaiyya,"Sukhwinder Singh, Sapna Awasthi",0.786,0.579,0.481,90.012
Tumsa Koi Pyaara,"Kumar Sanu, Alka Yagnik",0.454,0.604,0.932,157.245
Kuch Kuch Hota Hai,"Jatin-Lalit, Udit Narayan, Alka Yagnik",0.547,0.554,0.848,91.386
Akhiyaan Milaoon Kabhi,"Alka Yagnik, Udit Narayan",0.72,0.884,0.851,93.722
Suniye To,Abhijeet,0.82,0.711,0.968,103.039
Pehla Nasha,"Udit Narayan, Sadhana Sargam",0.458,0.339,0.529,151.986
Bahut Pyar Karte Hai - Female Version,Anuradha Paudwal,0.452,0.49,0.724,123.669
Neend Churayee Meri,"Kumar Sanu, Udit Narayan, Alka Yagnik, Kavita Krishnamurthy",0.774,0.934,0.883,105.964
Dilbar Dilbar,Alka Yagnik,0.672,0.856,0.723,101.988
Le Gayi,"Uttam Singh, Asha Bhosle, Anand Bakshi",0.831,0.737,0.82,125.552
Ladki Badi Anjani Hai,"Jatin-Lalit, Kumar Sanu, Alka Yagnik",0.637,0.774,0.731,121.108
Sona Kitna Sona Hai,"Udit Narayan, Poornima",0.756,0.92,0.849,98.993
Woh Ladki Jo,Abhijeet,0.752,0.613,0.496,110.022
Jooma Chumma De De,"Sudesh Bhosle, Kavita Krishnamurthy, Laxmikant–Pyarelal",0.498,0.92,0.386,113.181
Raah Mein Unse Mulaqat,"Kumar Sanu, Alka Yagnik",0.403,0.633,0.722,83.408
Saathiya Tune Kya Kiya,"S. P. Balasubrahmanyam, K. S. Chithra",0.499,0.72,0.78,92.534
Yeh Dil Deewana,"Sonu Nigam, Hema Sardesai, Shankar Mahadevan",0.776,0.5,0.232,109.981
Kisi Disco Mein Jaaye,"Alka Yagnik, Udit Narayan",0.622,0.939,0.961,170.058
Sapne Mein,"Asha Bhosle, Suresh Wadkar",0.707,0.716,0.819,173.967
Koi Mil Gaya,"Jatin-Lalit, Kavita Krishnamurthy, Udit Narayan, Alka Yagnik",0.7,0.687,0.815,136.028
Aaye Ho Meri Zindagi Mein - Male Version,Udit Narayan,0.598,0.836,0.938,135.001
Tumse Milne Ki Tamanna Hai,S. P. Balasubrahmanyam,0.532,0.779,0.671,119.735
Tere Dar Par Sanam - Male Version,Kumar Sanu,0.51,0.44,0.665,82.454
Tumse Milne Ko Dil,"Alka Yagnik, Kumar Sanu",0.529,0.814,0.765,138.833
Jab Kisiki Taraf Dil,"Jatin-Lalit, Kumar Sanu",0.515,0.584,0.438,79.157
Mere Khwabon Mein,Lata Mangeshkar,0.621,0.512,0.926,114.802
Saat Samundar Paar Happy,Sadhana Sargam,0.414,0.805,0.821,133.291
Meri Duniya Hai,"Sonu Nigam, Kavita Krishnamurthy",0.634,0.54,0.81,121.061
Dheere Dheere Se Meri Zindagi Mein Aana,"Anuradha Paudwal, Kumar Sanu",0.477,0.636,0.707,84.547
Hum Dil De Chuke Sanam,"Kavita Krishnamurthy, Mohammad Salamat, Dominique",0.625,0.459,0.424,111.079
Pehla Pehla Pyar,S. P. Balasubrahmanyam,0.594,0.53,0.457,101.831
Tip Tip Barsa Paani,"Alka Yagnik, Udit Narayan",0.602,0.874,0.691,103.198
Ishq Bina,"Anuradha Sriram, Sujatha, A.R. Rahman, Sonu Nigam",0.669,0.357,0.501,88.022
Madhosh Dil Ki Dhadkan,"Lata Mangeshkar, Kumar Sanu",0.503,0.706,0.762,155.611
Ramta Jogi,"Sukhwinder Singh, Alka Yagnik",0.798,0.636,0.799,139.98
Chithi Na Koi Sandesh-Jagjit Singh,Jagjit Singh,0.797,0.57,0.598,113.071
Maine Pyar Tumhi Se Kiya Hai,"Anuradha Paudwal, Kumar Sanu",0.515,0.634,0.8,120.041
Chhupana Bhi Nahin Aata,Vinod Rathod,0.502,0.592,0.773,79.937
"Kehna Hi Kya - From ""Bombay""",K. S. Chithra,0.693,0.268,0.587,127.056
Yaaron,KK,0.64,0.498,0.207,113.895
Sandese Aate Hai,"Sonu Nigam, Roop Kumar Rathod",0.459,0.837,0.729,88.942
Tujhe Dekha To,"Lata Mangeshkar, Kumar Sanu",0.51,0.544,0.828,97.431
Hai Rama,"Hariharan, Swarnalatha",0.48,0.395,0.464,84.692
Mera Piya Ghar Aaya,Kavita Krishnamurthy,0.722,0.955,0.601,128.701
Nazar Ke Samne,"Anuradha Paudwal, Kumar Sanu",0.458,0.51,0.526,142.993
"Chhoti Si Aasha - Version, 1","A.R. Rahman, Minmini",0.639,0.245,0.524,172.05
To Chalun,Roop Kumar Rathod,0.52,0.766,0.714,144.13
Chaand Taare,Abhijeet,0.677,0.444,0.613,91.798
Uljhi Hai Yeh Kis Jaal Mein Tu - Humko Aajkal Hai Intezaar,Anupama,0.548,0.807,0.434,96.062
Tu Mere Samne,"Lata Mangeshkar, Udit Narayan",0.462,0.405,0.631,102.46
Dooba Dooba,Silk Route,0.716,0.562,0.533,105.004
Shaam Hai Dhuan Dhuan,"Ajay Devgan, Poornima",0.777,0.858,0.963,122.297
Piya Basanti,"Sultan Khan, K. S. Chithra",0.758,0.333,0.5,100.973
Chaahat Na Hoti,"Vinod Rathod, Alka Yagnik",0.597,0.589,0.845,79.804
Zara Sa Jhoom Loon Main,"Asha Bhosle, Abhijeet",0.606,0.552,0.865,130.653
Na Milo Kahin Pyar,"Sonu Nigam, Kavita Krishnamurthy",0.574,0.699,0.539,89.97
Aashiqui Mein Har Aashiq,Sadhana Sargam,0.452,0.537,0.865,152.909
Chappa Chappa,"Vishal Bhardwaj, Hariharan, Suresh Wadkar",0.807,0.714,0.692,152.147
Aati Kya Khandala,"Aamir Khan, Alka Yagnik",0.831,0.865,0.531,96.016
Sabki Baaratein Aayi,Jaspinder Narula,0.667,0.753,0.744,90.989
Ek Duje Ke Vaaste,"Uttam Singh, Lata Mangeshkar, Hariharan, Anand Bakshi",0.479,0.509,0.449,143.767
Pehle Pyaar Ka Pehla,Kavita Krishnamurthy,0.567,0.623,0.543,141.862
Kitaben Bahut Si,"Asha Bhosle, Vinod Rathod",0.619,0.721,0.808,97.32
Made in India,Alisha Chinai,0.778,0.641,0.967,92.044
Bhangda Paale,"Sadhana Sargam, Mohammed Aziz, Sudesh Bhosle",0.618,0.629,0.551,133.297
Chhod Aaye Hum,"Vishal Bhardwaj, Hariharan, Suresh Wadkar, Vinod Sehgal, KK",0.541,0.512,0.193,93.937
Na Kajare Ki Dhar,"Pankaj Udhas, Sadhana Sargam",0.51,0.683,0.672,145.281
Oonchi Hai Building,"Poornima, Anu Malik",0.816,0.756,0.74,103.033
Mhare Hiwra Main Nache Mor,"Hariharan, Anuradha Paudwal, Kumar Sanu, Udit Narayan, Kavita Krishnamurthy, Alka Yagnik",0.595,0.616,0.942,168.047
Kahin Aag Lage Lag Jaaye,"Asha Bhosle, Richa Sharma, Aditya Narayan",0.849,0.518,0.46,94.96
Aap KO Dekh Ke,"Amit Kumar, Sadhana Sargam",0.715,0.873,0.784,121.705
"Aaj Main Upar - From ""Khamoshi - The Musical""","Kavita Krishnamurthy, Kumar Sanu",0.648,0.771,0.883,98.056
Hamen Jab Se Mohabbat,"Sonu Nigam, Alka Yagnik",0.638,0.324,0.408,100.144
Koi Na Koi Chahiye,Vinod Rathod,0.655,0.729,0.889,124.381
Dil Ne Dil Se Iqrar Kiya,"Hariharan, Alka Yagnik",0.536,0.844,0.819,108.763
Rangeela Re,"Asha Bhosle, Aditya Narayan",0.916,0.717,0.725,113.016
Mere Sanam,"Sadhana Sargam, Udit Narayan",0.653,0.851,0.886,129.969
Muqabala Muqabala,"Mano, Swarnalatha",0.866,0.633,0.51,119.808
Poster Lagwado Bazaar Mein,"Lalit Sen, Shweta Shetty",0.759,0.842,0.832,111.978
Ek Doosre Se Karte Hain Pyar Hum,"Sudesh Bhosle, Mohammed Aziz, Udit Narayan, Alka Yagnik, Sonali Vajpayee, Laxmikant–Pyarelal",0.593,0.582,0.871,81.239
Hai Hai Mirchi,"Sukhwinder Singh, Alka Yagnik",0.787,0.863,0.711,96.899
Saanson Ki Mala,Kavita Krishnamurthy,0.517,0.643,0.782,143.786
Sexy Sexy Mujhe Log Bole,"Alisha Chinai, Anu Malik",0.814,0.783,0.613,126.314
Sundara Sundara,"Vinod Rathod, Sapna Mukherjee",0.732,0.912,0.721,100.023
Dont Say No,"Amit Kumar, S. Janaki",0.562,0.703,0.86,88.978
Kabhi Hanste Hai Kabhi Rote Hai,"S. P. Balasubrahmanyam, Kavita Krishnamurthy",0.594,0.368,0.451,132.607
Samajh Kar Chand Jis Ko,"Vinod Rathod, Alka Yagnik",0.354,0.555,0.64,98.283
Khuda Jaane,"Vishal-Shekhar, KK, Shilpa Rao, Anvita Dutt Guptan",0.404,0.634,0.702,78.508
Suraj Hua Maddham,"Sandesh Shandilya, Sonu Nigam, Alka Yagnik",0.633,0.691,0.57,80.002
Tum Se Hi,"Pritam, Mohit Chauhan",0.609,0.538,0.608,130.015
Chand Sifarish,"Jatin-Lalit, Shaan, Kailash Kher, Prasoon Joshi",0.829,0.665,0.861,122.043
Bol Na Halke Halke,"Shankar-Ehsaan-Loy, Rahat Fateh Ali Khan, Mahalakshmi Iyer, Gulzar",0.637,0.573,0.704,90.017
Tujh Mein Rab Dikhta Hai,"Salim–Sulaiman, Roop Kumar Rathod, Jaideep Sahni",0.56,0.604,0.75,84.784
Tere Bina,"A.R. Rahman, Chinmayi, Murtuza Khan, Qadir Khan",0.744,0.7,0.867,144.033
Zara Sa,"Pritam, KK",0.468,0.91,0.694,163.842
Pehli Nazar Mein,"Atif Aslam, Pritam",0.488,0.57,0.668,169.702
Maula Mere Maula,Roop Kumar Rathod,0.549,0.737,0.412,119.963
Ajj Din Chadheya,"Rahat Fateh Ali Khan, Pritam",0.53,0.701,0.818,171.856
Mitwa,"Shankar-Ehsaan-Loy, Shankar Mahadevan, Caralisa Monteiro, Shafqat Amanat Ali",0.63,0.63,0.517,107.103
Jashn-E-Bahaaraa,"A.R. Rahman, Javed Ali",0.7,0.343,0.488,137.864
Falak Tak,"Vishal-Shekhar, Udit Narayan, Mahalakshmi Iyer, Kausar Munir",0.718,0.697,0.62,143.907
Tera Hone Laga Hoon,"Atif Aslam, Alisha Chinai, Pritam",0.686,0.771,0.551,119.981
Tum Mile,"Pritam, Neeraj Shridhar",0.738,0.798,0.793,123.01
Haule Haule,"Salim–Sulaiman, Sukhwinder Singh, Jaideep Sahni",0.712,0.776,0.96,89.934
Toh Phir Aao,Mustafa Zahid,0.459,0.563,0.0961,101.996
Jab Se Tere Naina,"Monty Sharma, Shaan",0.599,0.653,0.678,79.968
Dooriyan,"Mohit Chauhan, Pritam",0.523,0.714,0.616,122.969
Maahi,"Shaarib Toshi, Toshi Sabri",0.463,0.84,0.385,153.941
Ajab Si,KK,0.697,0.438,0.58,117.954
Surili Akhiyon Wale,"Rahat Fateh Ali Khan, Suzanne D'Mello",0.517,0.561,0.448,75.977
Tu Jaane Na,"Atif Aslam, Pritam",0.702,0.86,0.829,120.042
Tere Naina,"Shankar Mahadevan, Shreya Ghoshal",0.758,0.377,0.624,139.932
Labon Ko,"Pritam, KK",0.63,0.837,0.473,107.997
Guzarish,Javed Ali,0.595,0.624,0.647,170.001
Main Agar Kahoon,"Sonu Nigam, Shreya Ghoshal",0.533,0.436,0.371,146.868
Tumhe Jo Maine Dekha,"Abhijeet, Shreya Ghoshal",0.734,0.903,0.712,102.009
My Dil Goes Mmmm,"Vishal-Shekhar, Shaan, Gayatri Iyer, Jaideep Sahni",0.693,0.797,0.706,90.997
Tu Hi Haqeeqat,"Pritam, Javed Ali, Irshan Ashraf, Shadab",0.705,0.744,0.706,115.959
Ek Din Teri Raahon,"Javed Ali, Pritam",0.606,0.867,0.7,92.021
Kya Mujhe Pyar Hai,KK,0.644,0.818,0.789,118.477
"Aadat - From ""Kalyug""","Atif Aslam, Jal, Mithoon",0.624,0.816,0.324,102.954
Main Yahaan Hoon,"Madan Mohan, Udit Narayan, Javed Akhtar",0.484,0.788,0.741,171.973
Aankhein Khuli,"Jatin-Lalit, Lata Mangeshkar, Udit Narayan, Udbhav, Manohar Shetty, Ishaan, Shweta Pandit, Sonali Bhatawdekar, Pritha Mazumdar, Shah Rukh Khan, Anand Bakshi",0.792,0.635,0.648,122.004
"Iktara (From ""Wake Up Sid"")","Amit Trivedi, Kavita Seth, Amitabh Bhattacharya",0.616,0.525,0.427,79.976
Tauba Tumhare Ishare,"Abhijeet, Alka Yagnik",0.452,0.608,0.676,92.996
Woh Ladki Hai Kahan,"Shaan, Kavita Krishnamurthy",0.786,0.677,0.858,94.985
Kuchh Khaas,"Mohit Chauhan, Neha Bhasin",0.687,0.419,0.555,125.008
Beete Lamhein,KK,0.257,0.583,0.217,160.127
Tere Liye,"Madan Mohan, Lata Mangeshkar, Roop Kumar Rathod, Javed Akhtar",0.525,0.46,0.33,98.007
Aaoge Jab Tum,Rashid Khan,0.645,0.459,0.379,119.987
"Woh Lamhe Woh Baatein - From ""Zeher""","Atif Aslam, Roop Kumar Rathod, Mithoon, Naresh Sharma",0.562,0.859,0.385,89.968
"Jiya Dhadak Dhadak Jaye - From ""Kalyug""","Rahat Fateh Ali Khan, Rohail Hyatt, Faisal Rafi",0.636,0.607,0.382,119.933
Mere Haath Mein,"Jatin-Lalit, Sonu Nigam, Sunidhi Chauhan, Aamir Khan, Kajol, Prasoon Joshi",0.554,0.606,0.584,93.922
Shukran Allah,"Salim–Sulaiman, Sonu Nigam, Shreya Ghoshal, Salim Merchant",0.432,0.695,0.513,116.153
Dil Ne Yeh Kaha Hain Dil Se,"Udit Narayan, Alka Yagnik",0.628,0.665,0.731,80.709
"Agar Tum Mil Jao - From ""Zeher""","Shreya Ghoshal, Roop Kumar Rathod, Anu Malik",0.56,0.861,0.382,157.967
Saathiya,"A.R. Rahman, Sonu Nigam, Gulzar",0.462,0.457,0.535,175.94
You Are My Soniya,"Sandesh Shandilya, Sonu Nigam, Alka Yagnik",0.853,0.784,0.785,106.045
Soniye,"KK, Sunidhi Chauhan",0.615,0.76,0.743,171.951
Mann Ki Lagan,Rahat Fateh Ali Khan,0.641,0.484,0.783,147.875
Aapke Pyaar Mein Hum,Alka Yagnik,0.425,0.708,0.773,77.7
Kaise Mujhe,"Benny Dayal, Shreya Ghoshal",0.59,0.414,0.292,82.002
"Bheegey Hont - From ""Murder""","Kunal Ganjawala, Anu Malik",0.736,0.613,0.469,124.953
Is This Love,"Mohit Chauhan, Shreya Ghoshal, Pritam",0.592,0.816,0.715,119.977
Ishq Hua,"Salim–Sulaiman, Sonu Nigam, Shreya Ghoshal, Jaideep Sahni",0.405,0.745,0.751,87.452
Mujhko Yaad Sataye Teri,Himesh Reshammiya,0.914,0.585,0.53,110.981
Zara Zara,Bombay Jayashri,0.643,0.268,0.62,143.813
Pal Pal Har Pal,"Sonu Nigam, Shreya Ghoshal",0.639,0.233,0.607,136.772
Tu Meri Dost Hain,"Benny Dayal, Shreya Ghoshal",0.683,0.712,0.473,99.987
Kitni Bechain Hoke,"Alka Yagnik, Udit Narayan",0.583,0.814,0.738,145.984
Aahista Aahista,"Vishal-Shekhar, Lucky Ali, Shreya Ghoshal, Anvita Dutt Guptan",0.675,0.824,0.584,126.008
Hum Tum,"Jatin-Lalit, Alka Yagnik, Babul Supriyo, Prasoon Joshi",0.465,0.682,0.583,164.01
Tumse Milna,"Udit Narayan, Alka Yagnik",0.572,0.733,0.522,96.985
Kahin To,"Rashid Ali, Vasundhara Das",0.61,0.492,0.165,90.984
Na Tum Jano Na Hum,"Lucky Ali, Ramya",0.507,0.519,0.584,179.461
Dil Laga Liya Maine,"Alka Yagnik, Udit Narayan",0.609,0.935,0.917,81.03
Tumhi Dekho Naa,"Shankar-Ehsaan-Loy, Sonu Nigam, Alka Yagnik",0.525,0.448,0.356,81.131
Maine Dil Se Kaha,"KK, Neelesh Misra",0.6,0.5,0.257,110.015
Sau Dard,"Sonu Nigam, Suzanne",0.239,0.506,0.387,83.334
Ay Hairathe,"A.R. Rahman, Hariharan, Alka Yagnik, Mohammed Aslam",0.746,0.449,0.666,122.004
Chalte Chalte,"Abhijeet, Alka Yagnik",0.653,0.408,0.672,94.836
Dil Leke,"Shaan, Shreya Ghoshal",0.699,0.775,0.51,92.026
San Sanana,"Anu Malik, Alka Yagnik, Hema Sardesai",0.807,0.715,0.468,130.936
Kuch To Hua Hai,"Shankar-Ehsaan-Loy, Alka Yagnik, Shaan",0.674,0.661,0.458,95.967
Tere Naam,Alka Yagnik,0.587,0.775,0.586,87.938
Jaane Kyon Log Pyar,"Udit Narayan, Alka Yagnik",0.607,0.526,0.341,190.019
Aao Naa,"Sadhana Sargam, Udit Narayan",0.607,0.455,0.419,94.037
Mar Jawaan,"Shruti Pathak, Salim Merchant",0.594,0.683,0.717,149.894
Salaam-E-Ishq,"Sonu Nigam, Shreya Ghoshal, Kunal Ganjawala, Sadhana Sargam, Shankar Mahadevan",0.765,0.796,0.76,103.033
Dilko Tumse Pyar Hua,Roop Kumar Rathod,0.664,0.384,0.688,149.945
Dil Kya Kare,Adnan Sami,0.76,0.547,0.667,95.023
Suna Suna,"Shreya Ghoshal, Neelesh Misra",0.359,0.411,0.149,77.06
Chori Chori,"Alka Yagnik, Sonu Nigam",0.722,0.709,0.945,97.991
Yoon Shabnami,"Monty Sharma, Parthiv Gohil",0.592,0.624,0.707,95.042
Tum Dil Ki Dhadkan Mein,"Abhijeet, Alka Yagnik",0.586,0.449,0.543,113.781
Dekho Na,"Jatin-Lalit, Sonu Nigam, Sunidhi Chauhan, Prasoon Joshi",0.623,0.654,0.54,82.516
Chupke Se,"A.R. Rahman, Sadhana Sargam, Murtuza, Qadir, Gulzar",0.739,0.35,0.456,103.988
Sun Zara,Sonu Nigam,0.584,0.655,0.816,74.435
Hum Yaar Hai Tumhare,"Udit Narayan, Alka Yagnik",0.383,0.901,0.541,153.577
Khabar Nahi,"Vishal-Shekhar, Shreya Ghoshal, Amanat Ali, Vishal Dadlani, Raja Hasan",0.622,0.758,0.436,90.951
Pehli Baar Mohabbat,Mohit Chauhan,0.522,0.478,0.576,160.029
Javeda Zindagi-Tose Naina Lage,"Kshitij Tarey, Shilpa Rao",0.535,0.621,0.265,129.864
Ek Dil Hai,"Kumar Sanu, Alka Yagnik",0.493,0.667,0.628,86.791
"Aa Bhi Ja Aa Bhi Ja - From ""Sur (The Melody Of Life)""","Lucky Ali, Sunidhi Chauhan",0.58,0.311,0.226,98.989
Wada Raha,"Arnab Chakraborty, Shreya Ghoshal",0.328,0.768,0.65,79.957
Yeh Hum Aa Gaye Hain Kahaan,"Madan Mohan, Lata Mangeshkar, Udit Narayan, Javed Akhtar",0.48,0.753,0.462,90.027
Rab Kare,"Udit Narayan, Alka Yagnik",0.397,0.8,0.888,83.377
"Chaleya (From ""Jawan"")","Anirudh Ravichander, Arijit Singh, Shilpa Rao, Kumaar",0.575,0.845,0.439,95.047
Kabira,"Pritam, Tochi Raina, Rekha Bhardwaj",0.59,0.555,0.191,84.027
"Sajni (From ""Laapataa Ladies"")","Ram Sampath, Arijit Singh, Prashant Pandey",0.428,0.413,0.355,79.646
Savera,"Iqlipse Nova, Anubha Bajaj",0.775,0.418,0.822,108.057
Heeriye (feat. Arijit Singh),"Jasleen Royal, Arijit Singh, Dulquer Salmaan",0.728,0.494,0.558,105.007
"Ve Kamleya (From ""Rocky Aur Rani Kii Prem Kahaani"")","Pritam, Arijit Singh, Shreya Ghoshal, Shadab Faridi, Altamash Faridi, Amitabh Bhattacharya",0.468,0.658,0.534,87.607
"Tu Hain Toh (From ""Mr. And Mrs. Mahi"")","Bunny, Hunny, Sagar",0.635,0.273,0.462,100.956
"Tum Se (From ""Teri Baaton Mein Aisa Uljha Jiya"")","Sachin-Jigar, Raghav Chaitanya, Varun Jain, Indraneel",0.612,0.595,0.435,99.991
"O Maahi (From ""Dunki"")","Pritam, Arijit Singh, Irshad Kamil",0.616,0.669,0.475,116.973
"Janiye (from the Netflix Film ""Chor Nikal Ke Bhaga"")","Vishal Mishra, Rashmeet Kaur",0.578,0.444,0.36,76.032
"Lutt Putt Gaya (From ""Dunki"")","Pritam, Arijit Singh, IP Singh, Swanand Kirkire",0.655,0.803,0.651,90.973
Soulmate,"Badshah, Arijit Singh",0.664,0.553,0.604,99.93
"Kesariya (From ""Brahmastra"")","Pritam, Arijit Singh, Amitabh Bhattacharya",0.577,0.574,0.436,94.009
"Satranga (From ""ANIMAL"")","Arijit Singh, Shreyas Puranik, Siddharth - Garima",0.273,0.405,0.534,89.48
"Dekhha Tenu (From ""Mr. And Mrs. Mahi"")","Mohammad Faiz, Jaani",0.417,0.439,0.506,83.982
Pehli Nazar Mein,"Atif Aslam, Pritam",0.488,0.57,0.668,169.702
Shayad,"Pritam, Arijit Singh",0.483,0.468,0.319,135.875
With You,AP Dhillon,0.78,0.744,0.925,116.978
Qaafirana,"Arijit Singh, Nikhita Gandhi",0.413,0.433,0.208,169.954
"Phir Aur Kya Chahiye (From ""Zara Hatke Zara Bachke"")","Sachin-Jigar, Arijit Singh, Amitabh Bhattacharya",0.556,0.552,0.531,100.051
"Iktara (From ""Wake Up Sid"")","Amit Trivedi, Kavita Seth, Amitabh Bhattacharya",0.616,0.525,0.427,79.976
Malang Sajna,"Sachet Tandon, Parampara Tandon, Kumaar, Sachet-Parampara",0.741,0.735,0.812,113.911
"Ranjha (From ""Shershaah"")","Jasleen Royal, B Praak, Romy, Anvita Dutt",0.603,0.573,0.236,82.941
Mulaqat,Prateek Kuhad,0.717,0.182,0.232,81.99
Mishri,"MnA, Manthan Gupta, Sanatan Roy",0.686,0.375,0.257,119.979
Muskurane - Romantic,"Jeet Gannguli, Arijit Singh",0.567,0.577,0.217,101.99
Kho Gaye,"Taaruk Raina, Mismatched - Cast",0.478,0.374,0.218,76.163
"Tere Vaaste (From ""Zara Hatke Zara Bachke"")","Varun Jain, Sachin-Jigar, Shadab Faridi, Altamash Faridi, Amitabh Bhattacharya",0.762,0.717,0.958,109.996
"Raataan Lambiyan (From ""Shershaah"")","Tanishk Bagchi, Jubin Nautiyal, Asees Kaur",0.72,0.63,0.512,81.009
Maan Meri Jaan,King,0.698,0.505,0.396,95.868
Khaabon Ke Parinday,"Alyssa Mendonsa, Mohit Chauhan",0.517,0.565,0.69,169.952
Tu hai kahan,AUR,0.708,0.356,0.569,83.679
Sahib-E-Dil,"Dhaval Kothari, Vishal Khatri",0.577,0.695,0.651,143.9
Mehrama,"Pritam, Darshan Raval, Antara Mitra",0.56,0.631,0.376,107.987
Kuch Toh Hai Baat,Murtuza Gadiwala,0.817,0.607,0.811,130.082
Zinda,Amit Trivedi,0.493,0.418,0.22,89.982
Tu Hai,"pho, Mr. Doss",0.73,0.603,0.371,95.98
Aahista,"MnA, Manthan Gupta",0.452,0.309,0.175,139.431
Betaabiyaan,"MnA, Manthan Gupta",0.25,0.248,0.352,171.359
Akhiyaan,Mitraz,0.724,0.618,0.0683,100.021
Agar Tum Saath Ho,"Alka Yagnik, Arijit Singh",0.562,0.519,0.415,122.925
Tujhko Jo Paaya,"Pritam, Mohit Chauhan",0.598,0.236,0.413,149.839
Bandeya,"MnA, Manthan Gupta",0.581,0.338,0.655,149.881
Bahara X,Ezu,0.722,0.309,0.832,98.88
Baarish Lete Aana,Darshan Raval,0.537,0.35,0.318,67.018
Saiyyan,"Kailash Kher, Paresh Kamath, Naresh Kamath",0.473,0.562,0.316,74.653
Hargiz,"MnA, Manthan Gupta, Aman Meena",0.56,0.559,0.186,84.981
Mera Mann Kehne Laga,Falak Shabbir,0.46,0.444,0.7,74.977
Mitti Di Khushboo,"Rochak Kohli, Ayushmann Khurrana",0.64,0.754,0.355,94.989
Maana Ke Hum Yaar Nahin,"Sachin-Jigar, Parineeti Chopra, Kausar Munir",0.537,0.367,0.348,90.953
Zehnaseeb,"Vishal-Shekhar, Chinmayi, Shekhar Ravjiani",0.623,0.595,0.418,78.029
Ghar Se Nikalte Hi,"Amaal Mallik, Armaan Malik, Kunaal Vermaa",0.591,0.462,0.323,114.02
"Shayad (Aaj Kal) - From ""Love Aaj Kal""","Pritam, Arijit Singh",0.531,0.785,0.295,135.831
Khamoshiyan,"Jeet Gannguli, Arijit Singh",0.527,0.521,0.266,143.892
Chale jo sath hum yahan,Shrinidhi Ghatate,0.508,0.392,0.106,120.036
Humnava Mere,"Jubin Nautiyal, Rocky - Shiv",0.401,0.553,0.364,79.144
tere bina,Zaeden,0.889,0.341,0.942,118.003
Sajna Ve,"Vishal Mishra, Lisa Mishra",0.602,0.378,0.391,83.992
Hamare Ghar Chorde Jo,"MnA, Manthan Gupta",0.585,0.531,0.251,140.005
Ishqe Di Lat,"Ankit Tiwari, Tulsi Kumar",0.411,0.765,0.511,139.653
Mera Safar,Iqlipse Nova,0.775,0.536,0.423,91.001
Tu Hi Haqeeqat,"Pritam, Javed Ali, Irshan Ashraf, Shadab",0.705,0.744,0.706,115.959
Dil Mein Ho Tum,Armaan Malik,0.608,0.653,0.423,86.933
Chup Chup,Amartya Bobo Rahut,0.519,0.418,0.259,149.836
Kyon,"Pritam, Papon, Sunidhi Chauhan",0.726,0.664,0.831,121.922
"Darkhaast (feat. Arijit Singh, Sunidhi Chauhan)","Mithoon, Arijit Singh, Sunidhi Chauhan",0.523,0.557,0.196,111.766
Shaam Simti,Amartya Bobo Rahut,0.614,0.157,0.506,125.755
Phir Se Ud Chala,Mohit Chauhan,0.647,0.656,0.453,119.965
Aabaad Barbaad,"Pritam, Arijit Singh",0.626,0.522,0.628,118.001
Hardum Humdum,"Pritam, Arijit Singh",0.59,0.821,0.784,116.942
Mast Magan,"Arijit Singh, Chinmayi",0.659,0.774,0.883,82.995
"Gazab Ka Hai Din (From ""Dil Juunglee"")","Jubin Nautiyal, Prakriti Kakar",0.325,0.421,0.203,170.376
Tere Jeya Hor Disda,The Yellow Diary,0.561,0.526,0.463,89.996
Found the Love,YAY RECORDS,0.697,0.376,0.924,123.011
"Raabta (From ""Agent Vinod)",Arijit Singh,0.657,0.581,0.32,118.038
Aadhi Aadhi Zindagi,"Hrutul, Badal Soni, Tirth Thakkar",0.699,0.457,0.429,124.98
Ratien Baki Nahin,"MnA, Manthan Gupta, Shipra Dixit",0.55,0.454,0.377,173.907
Bawara Mann,"Jubin Nautiyal, Neeti Mohan",0.474,0.454,0.338,85.046
"Darasal (From ""Raabta"")","Atif Aslam, Jam8",0.705,0.422,0.482,117.948
Jiyein Kyun,"Pritam, Papon",0.393,0.609,0.347,71.377
Samjhawan,"Jawad Ahmad, Shaarib Toshi, Arijit Singh, Shreya Ghoshal",0.65,0.482,0.517,106.994
Kho Hi Gaya,MnA,0.538,0.433,0.18,90.046
Kasoor,Prateek Kuhad,0.558,0.497,0.444,107.047
Sham,"Amit Trivedi, Nikhil D'Souza, Neuman Pinto",0.722,0.288,0.502,119.899
Shayad Ke Main Zinda Nahin,Cha'bi,0.508,0.328,0.21,79.963
Saibo,"Sachin-Jigar, Shreya Ghoshal, Tochi Raina",0.619,0.429,0.545,90.058
Yahin Hoon Main,"Rochak Kohli, Ayushmann Khurrana",0.633,0.558,0.501,110.012
"Tose Naina (From ""Mickey Virus)",Arijit Singh,0.523,0.561,0.31,139.885
Kabhi Kabhi Aditi,Rashid Ali,0.791,0.558,0.872,95.077
Ishq Bulaava,"Vishal-Shekhar, Sanam Puri, Shipra Goyal",0.578,0.713,0.625,159.915
Jhumritalaiyya,"Pritam, Arijit Singh, Mohan Kannan",0.531,0.787,0.693,88.943
Pehla Pyar,"MnA, Vish Khajotiya, Tarunya Panwar, Manthan Gupta",0.721,0.529,0.28,90.053
"Kya Karoon? (From ""Wake Up Sid "")","Shankar-Ehsaan-Loy, Clinton Cerejo, Dominique Cerejo, Loy Mendonsa",0.594,0.548,0.374,98.014
Baarishein,Anuv Jain,0.475,0.124,0.19,94.42
Maahi Ve,A.R. Rahman,0.604,0.72,0.528,130.995
tere bina - Acoustic,"Zaeden, Jonita Gandhi",0.838,0.251,0.893,107.972
Jo Tu Na Mila,Asim Azhar,0.508,0.507,0.218,159.68
Big Dawgs,"Hanumankind, Kalmi",0.464,0.745,0.262,180.098
"Aaj Ki Raat (From ""Stree 2"")","Sachin-Jigar, Madhubanti Bagchi, Divya Kumar, Amitabh Bhattacharya",0.702,0.853,0.643,116.027
nadaaniyan,Akshath,0.698,0.334,0.694,94.123
Khoobsurat,"Sachin-Jigar, Vishal Mishra, Amitabh Bhattacharya",0.596,0.584,0.451,143.975
O'Meri Laila,"Atif Aslam, Jyotica Tangri",0.575,0.81,0.751,160.098
"Tauba Tauba (From ""Bad Newz"")",Karan Aujla,0.676,0.745,0.842,95.102
Assi Sajna,"Jasleen Royal, Intense, Aditya Sharma",0.671,0.55,0.275,122.948
"Akhiyaan Gulaab (From ""Teri Baaton Mein Aisa Uljha Jiya"")",Mitraz,0.763,0.587,0.794,106.977
Espresso,Sabrina Carpenter,0.701,0.76,0.69,103.969
Bye Bye Bye - From Deadpool and Wolverine Soundtrack,*NSYNC,0.61,0.926,0.861,172.638
Mamushi (feat. Yuki Chiba),"Megan Thee Stallion, 千葉雄喜",0.892,0.531,0.209,81.036
Shape of You,Ed Sheeran,0.825,0.652,0.931,95.977
Dandelions,Ruth B.,0.609,0.692,0.454,116.959
Die With A Smile,"Lady Gaga, Bruno Mars",0.521,0.592,0.535,157.969
Summertime Sadness,Lana Del Rey,0.565,0.654,0.235,111.968
Please Please Please,Sabrina Carpenter,0.669,0.586,0.579,107.071
"Sajni (From ""Laapataa Ladies"")","Ram Sampath, Arijit Singh, Prashant Pandey",0.428,0.413,0.355,79.646
favorite,Isabel LaRosa,0.726,0.652,0.625,97.032
Calm Down (with Selena Gomez),"Rema, Selena Gomez",0.801,0.806,0.802,106.999
Cheri Cheri Lady,Modern Talking,0.677,0.616,0.851,114.223
"Aasa Kooda - From ""Think Indie""","Sai Abhyankkar, Sai Smriti",0.675,0.537,0.534,98.003
Señorita,"Shawn Mendes, Camila Cabello",0.759,0.548,0.75,116.963
"Satranga (From ""ANIMAL"")","Arijit Singh, Shreyas Puranik, Siddharth - Garima",0.273,0.405,0.534,89.48
"Chuttamalle (From ""Devara Part 1"")","Shilpa Rao, Anirudh Ravichander, Ramajogayya Sastry",0.677,0.623,0.616,145.56
Pehle Bhi Main,"Vishal Mishra, Raj Shekhar",0.413,0.406,0.281,76.944
"Naina (From ""Crew"")","Diljit Dosanjh, Badshah, Raj Ranjodh",0.84,0.715,0.542,96.98
"Dekhha Tenu (From ""Mr. And Mrs. Mahi"")","Mohammad Faiz, Jaani",0.417,0.439,0.506,83.982
Paint The Town Red,Doja Cat,0.864,0.556,0.726,99.974
Heeriye (feat. Arijit Singh),"Jasleen Royal, Arijit Singh, Dulquer Salmaan",0.728,0.494,0.558,105.007
Husn,Anuv Jain,0.527,0.376,0.24,151.928
Softly,"Karan Aujla, Ikky",0.735,0.564,0.902,92.986
Soulmate,"Badshah, Arijit Singh",0.664,0.553,0.604,99.93
"Tum Se (From ""Teri Baaton Mein Aisa Uljha Jiya"")","Sachin-Jigar, Raghav Chaitanya, Varun Jain, Indraneel",0.612,0.595,0.435,99.991
One Love,Shubh,0.848,0.512,0.881,144.926
"Janiye (from the Netflix Film ""Chor Nikal Ke Bhaga"")","Vishal Mishra, Rashmeet Kaur",0.578,0.444,0.36,76.032
Levitating,Dua Lipa,0.695,0.884,0.914,103.014
love nwantiti (ah ah ah),CKay,0.727,0.739,0.533,93.005
"Tu Hain Toh (From ""Mr. And Mrs. Mahi"")","Bunny, Hunny, Sagar",0.635,0.273,0.462,100.956
Winning Speech,"Karan Aujla, Mxrci",0.461,0.78,0.448,171.285
"Aayi Nai (From ""Stree 2"")","Sachin-Jigar, Pawan Singh, Simran Choudhary, Divya Kumar, Amitabh Bhattacharya",0.862,0.645,0.862,122.998
Cheques,Shubh,0.742,0.627,0.356,89.998
Tu hai kahan,AUR,0.708,0.356,0.569,83.679
"Ishq - From ""Lost;Found""","Faheem Abdullah, Rauhan Malik, Amir Ameer",0.383,0.547,0.236,95.068
IDK HOW,Karan Aujla,0.464,0.676,0.213,83.918
"Jaanam (From ""Bad Newz"")",Vishal Mishra,0.76,0.391,0.433,97.945
Dil Tu Jaan Tu,"Gurnazar, Chet Singh",0.822,0.449,0.382,90.023
Sang Rahiyo,Jasleen Royal,0.634,0.529,0.409,94.014
9:45,"Prabh Singh, Jay Trak, Rooh Sandhu",0.796,0.455,0.352,99.958
MVP,Shubh,0.742,0.572,0.644,88.041
Maan Meri Jaan,King,0.698,0.505,0.396,95.868
Haan Ke Haan,"Sohail Sen, Monali Thakur, Kausar Munir",0.617,0.479,0.615,129.901
Chaleya,"Anirudh Ravichander, Arijit Singh, Shilpa Rao, Kumaar",0.575,0.845,0.439,95.047
Ve Haaniyaan,"Danny, Avvy Sra, Sagar",0.786,0.54,0.82,108.032
Apna Bana Le,"Sachin-Jigar, Arijit Singh, Amitabh Bhattacharya",0.586,0.562,0.436,93.982
King Shit,Shubh,0.794,0.566,0.68,85.953
White Brown Black,"Avvy Sra, Karan Aujla, Jaani",0.868,0.748,0.829,119.965
"Katchi Sera - From ""Think Indie""",Sai Abhyankkar,0.765,0.642,0.822,148.465
Malang Sajna,"Sachet Tandon, Parampara Tandon, Kumaar, Sachet-Parampara",0.741,0.735,0.812,113.911
Khuda Jaane,"Vishal-Shekhar, KK, Shilpa Rao, Anvita Dutt Guptan",0.404,0.634,0.702,78.508
Be Mine,Shubh,0.591,0.599,0.728,91.796
Tu Aake Dekhle,King,0.77,0.838,0.187,96.016
O Maahi,"Pritam, Arijit Singh, Irshad Kamil",0.616,0.669,0.475,116.973
Jo Tum Mere Ho,Anuv Jain,0.46,0.302,0.176,123.871
Hass Hass,"Diljit Dosanjh, Sia, Greg Kurstin",0.726,0.804,0.644,90.983
"Kaise Hua (From ""Kabir Singh"")","Vishal Mishra, Manoj Muntashir",0.385,0.464,0.15,137.839
Kahani Suno 2.0,Kaifi Khalil,0.577,0.379,0.26,139.585
Saari Duniya Jalaa Denge,"Jaani, B Praak",0.515,0.475,0.674,81.835
With You,AP Dhillon,0.78,0.744,0.925,116.978
Tere Pyaar Mein,"Pritam, Arijit Singh, Amitabh Bhattacharya, Nikhita Gandhi",0.68,0.753,0.413,118.965
Blockbuster,"Faris Shafi, Umair Butt, Gharvi Group",0.855,0.717,0.662,111.988
Chaand Baaliyan,Aditya A,0.729,0.396,0.886,97.281
"Hua Main (From ""ANIMAL"")","Raghav Chaitanya, Manoj Muntashir, Pritam",0.371,0.664,0.672,187.629
Illuminati,"Sushin Shyam, Dabzee, Vinayak Sasikumar",0.783,0.817,0.553,138.002
Zaroor,"Aparshakti Khurana, Savi Kahlon",0.809,0.228,0.912,145.024
Agar Tum Saath Ho,"Alka Yagnik, Arijit Singh",0.562,0.519,0.415,122.925
Besharmi Ki Height,"Benny Dayal, Shalmali Kholgade",0.708,0.946,0.477,130.99
Badtameez Dil,"Pritam, Benny Dayal, Shefali Alvares",0.806,0.932,0.792,106.021
"Sooraj Dooba Hain (From ""Roy"")","Arijit Singh, Aditi Singh Sharma",0.616,0.75,0.434,128.051
Dilliwaali Girlfriend,"Pritam, Arijit Singh, Sunidhi Chauhan",0.687,0.941,0.909,138.048
Chammak Challo,"Akon, Hamsika Iyer",0.742,0.879,0.936,133.946
Sheila Ki Jawani,"Sunidhi Chauhan, Vishal Dadlani",0.803,0.859,0.631,101.007
Shut Up & Bounce,"Vishal-Shekhar, Sunidhi Chauhan, Vishal Dadlani",0.578,0.857,0.904,121.981
Ghagra,"Pritam, Rekha Bhardwaj, Vishal Dadlani",0.706,0.919,0.701,101.94
Tamma Tamma Again,"Bappi Lahiri, Anuradha Paudwal, Badshah",0.724,0.848,0.781,123.02
Chikni Chameli,"Ajay-Atul, Shreya Ghoshal",0.693,0.956,0.665,90.005
Gal Mitthi Mitthi,"Amit Trivedi, Tochi Raina",0.906,0.699,0.938,129.946
,,0.623,0.924,0.506,135.968
Char Baj Gaye - Party Abhi Baaki Hai,"Sachin-Jigar, Hard Kaur",0.95,0.694,0.961,119.972
Saturday Saturday,"Shaarib Toshi, Badshah, Indeep Bakshi, Akriti Kakar",0.847,0.938,0.786,130.02
High Heels,"Jaz Dhami, Yo Yo Honey Singh",0.891,0.913,0.772,130.045
"Party on My Mind (From ""Race 2"")","KK, Shefali Alvares, Yo Yo Honey Singh",0.713,0.864,0.568,122.019
One Two Three Four Get On the Dance Floor,"Sri Charan, Hamsika Iyer, Vishal Dadlani",0.732,0.864,0.877,170.043
"ABCD (From ""Yaariyan"")","Benny Dayal, Yo Yo Honey Singh, Shefali Alvares",0.71,0.806,0.727,128.038
Saree Ke Fall Sa,"Nakash Aziz, Antara Mitra",0.595,0.924,0.864,124.039
Halkat Jawani,"Salim–Sulaiman, Sunidhi Chauhan",0.709,0.812,0.908,131.984
I Hate Luv Storys,"Vishal-Shekhar, Vishal Dadlani",0.747,0.81,0.937,130.012
Subha Hone Na De,"Pritam, Mika Singh, Shefali Alvares",0.727,0.9,0.505,131.97
Hookah Bar,"Himesh Reshammiya, Vineet Singh, Aaman Trikha",0.73,0.656,0.743,131.04
,,0.801,0.856,0.919,106.026
Hungamaa Ho Gaya,"Asha Bhosle, Arijit Singh, Amit Trivedi, Laxmikant–Pyarelal",0.625,0.848,0.507,138.058
Bom Diggy Diggy,"Zack Knight, Jasmin Walia",0.782,0.827,0.498,104.032
Nachange Saari Raat,"Meet Bros., Neeraj Shridhar, Tulsi Kumar",0.679,0.921,0.755,131.084
"Husnn Hai Suhaana New (from ""Coolie No. 1"")","Chandana Dixit, Abhijeet, Tanishk Bagchi, Anand-Milind",0.78,0.97,0.793,126.068
,,0.687,0.919,0.877,145.037
High Heels Te Nachche,"Meet Bros., Yo Yo Honey Singh, Jaz Dhami, Aditi Singh Sharma",0.796,0.85,0.559,136.03
"Gali Gali (From ""Kgf Chapter 1"")","Neha Kakkar, Tanishk Bagchi",0.789,0.95,0.746,126.013
Afghan Jalebi (Film Version),"Pritam, Akhtar Chinnal",0.84,0.884,0.972,118.007
"Baby Doll (From ""Ragini Mms 2"")","Meet Bros Anjjan, Kanika Kapoor",0.836,0.839,0.507,103.992
Dhat Teri Ki,"Vishal-Shekhar, Sanam Puri, Aditi Singh Sharma",0.81,0.744,0.96,120.041
Tu Mera Hero,"Pritam, Mika Singh, Shefali Alvares",0.71,0.907,0.729,131.989
,,0.767,0.64,0.751,146.036
Naa Jaane,"Sachin-Jigar, Neeraj Shridhar, Anushka Manchanda, Dj Sushi",0.572,0.942,0.828,195.758
"Dilbar (From ""Satyameva Jayate"")","Neha Kakkar, Dhvani Bhanushali, Ikka, Tanishk Bagchi",0.725,0.912,0.674,104.054
,,0.829,0.654,0.335,98.012
Gallan Goodiyaan,"Yashita Sharma, Manish Kumar Tipu, Farhan Akhtar, Shankar Mahadevan, Sukhwinder Singh",0.83,0.858,0.949,119.974
Bang Bang,"Vishal-Shekhar, Benny Dayal, Neeti Mohan",0.703,0.678,0.694,120.051
Ude Dil Befikre,"Vishal-Shekhar, Benny Dayal, Jaideep Sahni",0.704,0.952,0.902,106.99
Saturday Saturday,"Shaarib Toshi, Badshah, Indeep Bakshi, Akriti Kakar",0.847,0.938,0.786,130.02
Character Dheela,"Pritam, Neeraj Shridhar, Amrita Kak",0.783,0.889,0.851,111.983
Papa Jag Jayega,"Ritu Pathak, Neeraj Shridhar, Alyssa Mendonsa",0.791,0.753,0.846,99.018
Lucky Tu Lucky Me,"Sachin-Jigar, Benny Dayal, Anushka Manchanda, Varun Dhawan",0.753,0.99,0.711,139.99
The Humma Song,"A.R. Rahman, Badshah, Tanishk Bagchi, Shashaa Tirupati, Jubin Nautiyal",0.721,0.65,0.392,130.487
Vele,"Vishal-Shekhar, Vishal Dadlani, Shekhar Ravjiani",0.833,0.754,0.65,108.001
,,0.705,0.678,0.691,120.042
"Twist (From ""Love Aaj Kal"")",Neeraj Shridhar,0.721,0.944,0.728,109.014
"Sunny Sunny (From ""Yaariyan"")","Yo Yo Honey Singh, Neha Kakkar",0.794,0.878,0.352,129.978
Dus Bahane,"Shaan, KK",0.833,0.917,0.874,110.001
"Palat - Tera Hero Idhar Hai (From ""Main Tera Hero"")",Arijit Singh,0.411,0.729,0.498,96.053
Locha-E-Ulfat,Benny Dayal,0.705,0.74,0.928,106.953
OH HO HO HO (Original Song),Sukhbir,0.733,0.963,0.91,145.05
Jhak Maar Ke,"Pritam, Neeraj Shridhar, Harshdeep Kaur",0.8,0.904,0.714,95.04
,,0.769,0.852,0.963,129.982
Aadat Se Majboor,"Salim–Sulaiman, Benny Dayal, Amitabh Bhattacharya",0.836,0.629,0.801,115.048
"Dil Chori (From ""Sonu Ke Titu Ki Sweety"")","Yo Yo Honey Singh, Simar Kaur, Ishers",0.765,0.89,0.918,99.961
Lalla Lalla Lori,"Vishal Dadlani, Shivi",0.638,0.895,0.729,124.95
Jalebi Bai,"Ritu Pathak, Gorisha Gogoi",0.805,0.745,0.722,104.014
Suit Suit,"Guru Randhawa, Arjun",0.767,0.869,0.751,98.208
Anarkali Disco Chali,"Mamta Sharma, Sukhwinder Singh",0.734,0.957,0.715,99.992
,,0.82,0.907,0.834,126.062
Girls Like To Swing,Sunidhi Chauhan,0.839,0.869,0.605,125.026
I Don't Know What To Do,"Shabbir Kumar, Sunidhi Chauhan",0.891,0.683,0.743,110.035
"Chhote Chhote Peg (From ""Sonu Ke Titu Ki Sweety"")","Yo Yo Honey Singh, Neha Kakkar, Navraj Hans",0.831,0.908,0.734,104.962
Dhinka Chika,"Amrita Kak, Mika Singh",0.752,0.978,0.804,82.988
"Main Tera Boyfriend (From ""Raabta"")","Arijit Singh, Neha Kakkar, Meet Bros.",0.84,0.914,0.651,104.019
,,0.759,0.903,0.628,110.004
"Shanivaar Raati (From ""Main Tera Hero"")","Arijit Singh, Shalmali Kholgade",0.684,0.892,0.721,132.007
Sadi Gali,Lehmber Hussainpuri,0.726,0.994,0.779,129.989
"Banno (From ""Tannu Weds Manu Returns"")","Brijesh Shandilya, Swati Sharma",0.758,0.877,0.707,108.011
"Party All Night (From ""Boss"")",Yo Yo Honey Singh,0.854,0.738,0.804,129.989
Abcd -Yaariyan,"Pritam, Benny Dayal, Shefali Alvares, Yo Yo Honey Singh",0.699,0.815,0.737,127.985
Ek Main Aur Ekk Tu,"Benny Dayal, Anushka Manchanda",0.77,0.666,0.74,136.004
"Chogada (From ""Loveyatri"")","Darshan Raval, Asees Kaur, Lijo George-Dj Chetas",0.359,0.972,0.595,62.914
Ainvayi Ainvayi,"Salim–Sulaiman, Salim Merchant, Sunidhi Chauhan, Amitabh Bhattacharya",0.689,0.742,0.876,155.986
Tumse Milke Dil Ka,"Sonu Nigam, Sabri Brothers",0.853,0.745,0.882,107.985
"Dil Cheez Tujhe Dedi (From ""Airlift"")","Ankit Tiwari, Arijit Singh",0.699,0.665,0.558,105.053
Pungi,"Pritam, Mika Singh, Amitabh Bhattacharya, Nakash Aziz, Javed Jaffrey",0.939,0.933,0.708,122.994
Allah Maaf Kare,"Pritam, Sonu Nigam, Shilpa Rao",0.664,0.792,0.86,139.961
Aapka Kya Hoga (Dhanno),"Mika Singh, Sunidhi Chauhan, Sajid Khan",0.801,0.922,0.788,110.042
Jhalla Wallah,"Amit Trivedi, Shreya Ghoshal, Kausar Munir",0.454,0.552,0.596,86.994
Asalaam-e-Ishqum,"Sohail Sen, Neha Bhasin, Bappi Lahiri, Irshad Kamil",0.765,0.908,0.891,106.993
Thug Le,"Salim–Sulaiman, Vishal Dadlani, Shweta Pandit, Amitabh Bhattacharya",0.768,0.788,0.931,112.988
Zara Zara Touch Me,"Monali Thakur, Earl Edgar, Pritam",0.844,0.651,0.456,124.012
Munni Badnaam,"Mamta Sharma, Aishwarya",0.696,0.95,0.743,125.029
Oh Girl You're Mine .,"Tarun Sagar, Alyssa Mendonsa, Loy Mendonsa",0.875,0.625,0.874,111.034
Soni De Nakhre,"Wajid, Labh Janjua, Sneha Pant",0.829,0.852,0.912,131.989
Aa Re Pritam Pyaare,"Sajid-Wajid, Mamta Sharma, Sarosh Sami",0.423,0.951,0.768,78.78
"Haan Main Galat (From ""Love Aaj Kal"")","Pritam, Arijit Singh, Shashwat Singh",0.685,0.736,0.893,117.979
Lat Lag Gayee,"Benny Dayal, Shalmali Kholgade, Pritam",0.79,0.892,0.896,131.991
Baaki Baatein Peene Baad (Shots) (feat. Badshah),"Arjun Kanungo, Badshah",0.566,0.862,0.455,147.974
"Kar Gayi Chull (From ""Kapoor & Sons (Since 1921)"")","Badshah, Amaal Mallik, Fazilpuria, Sukriti Kakar, Neha Kakkar",0.827,0.737,0.873,121.99
"Tu Meri (From ""Bang Bang"")","Vishal-Shekhar, Vishal Dadlani",0.679,0.688,0.424,127.951
"Desi Girl (From ""Dostana"")","Vishal-Shekhar, Shankar Mahadevan, Sunidhi Chauhan, Vishal Dadlani",0.746,0.924,0.807,136.051
Lungi Dance,Yo Yo Honey Singh,0.684,0.958,0.817,163.95
Drama Queen,"Vishal-Shekhar, Shreya Ghoshal, Vishal Dadlani",0.706,0.913,0.954,145.944
Kukkad,"Vishal-Shekhar, Shahid Mallya, Nisha Mascarenhas, Marianne D'Cruz Aiman",0.719,0.835,0.961,139.985
